{
  "best_metric": 0.1438516527414322,
  "best_model_checkpoint": "models/adapters/run_20260322_012215_001/checkpoint-37",
  "epoch": 0.9866666666666667,
  "eval_steps": 500,
  "global_step": 37,
  "is_hyper_param_search": false,
  "is_local_process_zero": true,
  "is_world_process_zero": true,
  "log_history": [
    {
      "epoch": 0.26666666666666666,
      "grad_norm": 0.3541790246963501,
      "learning_rate": 0.0004324324324324325,
      "loss": 4.2576,
      "step": 10
    },
    {
      "epoch": 0.5333333333333333,
      "grad_norm": 0.28381025791168213,
      "learning_rate": 0.00036486486486486485,
      "loss": 0.4105,
      "step": 20
    },
    {
      "epoch": 0.8,
      "grad_norm": 0.1871020644903183,
      "learning_rate": 0.0002972972972972973,
      "loss": 0.233,
      "step": 30
    },
    {
      "epoch": 0.9866666666666667,
      "eval_loss": 0.1438516527414322,
      "eval_runtime": 1.9921,
      "eval_samples_per_second": 46.182,
      "eval_steps_per_second": 11.545,
      "step": 37
    }
  ],
  "logging_steps": 10,
  "max_steps": 74,
  "num_input_tokens_seen": 0,
  "num_train_epochs": 2,
  "save_steps": 500,
  "stateful_callbacks": {
    "TrainerControl": {
      "args": {
        "should_epoch_stop": false,
        "should_evaluate": false,
        "should_log": false,
        "should_save": true,
        "should_training_stop": false
      },
      "attributes": {}
    }
  },
  "total_flos": 6864356612505600.0,
  "train_batch_size": 4,
  "trial_name": null,
  "trial_params": null
}
