{
  "best_metric": 0.3636172115802765,
  "best_model_checkpoint": "models/adapters/run_20260322_010623_002/checkpoint-37",
  "epoch": 0.9866666666666667,
  "eval_steps": 500,
  "global_step": 37,
  "is_hyper_param_search": false,
  "is_local_process_zero": true,
  "is_world_process_zero": true,
  "log_history": [
    {
      "epoch": 0.26666666666666666,
      "grad_norm": 17.144731521606445,
      "learning_rate": 0.000172972972972973,
      "loss": 7.9749,
      "step": 10
    },
    {
      "epoch": 0.5333333333333333,
      "grad_norm": 0.3108938932418823,
      "learning_rate": 0.00014594594594594595,
      "loss": 0.8239,
      "step": 20
    },
    {
      "epoch": 0.8,
      "grad_norm": 0.22807534039020538,
      "learning_rate": 0.00011891891891891893,
      "loss": 0.4756,
      "step": 30
    },
    {
      "epoch": 0.9866666666666667,
      "eval_loss": 0.3636172115802765,
      "eval_runtime": 1.5546,
      "eval_samples_per_second": 46.315,
      "eval_steps_per_second": 11.579,
      "step": 37
    }
  ],
  "logging_steps": 10,
  "max_steps": 74,
  "num_input_tokens_seen": 0,
  "num_train_epochs": 2,
  "save_steps": 500,
  "stateful_callbacks": {
    "TrainerControl": {
      "args": {
        "should_epoch_stop": false,
        "should_evaluate": false,
        "should_log": false,
        "should_save": true,
        "should_training_stop": false
      },
      "attributes": {}
    }
  },
  "total_flos": 6864356612505600.0,
  "train_batch_size": 4,
  "trial_name": null,
  "trial_params": null
}
